text	label	score
jade thirwall n i love her voice n she is beautiful n she slays everyday n cares a lot bout fans n used to dye her h ‚Ä¶	0.9022	pos
love you lopa	0.6369	pos
we need more people like her congratz girl you did a good job	0.6887	pos
how do i live by leann rimes at komplek grand koserna 2 ‚Äî	0.4588	pos
west ham confirm that a ¬£ 25m fee has been agreed with marseille for dimitri payet	0.2732	pos
they are the best of mates kp and both 100 x more humble than you have shown you are ever capable of	0.7783	pos
it is my biggest fantasty to know that you are watching me	0.0	neu
the surprising benefits of training in the heat	0.5719	pos
so you are voting against a50 then	0.0	neu
tbh i do not have any friends who likes monsta x so when i get turned up bc of mx they be lookin at me like they wanna unfriend me	0.411	pos
oh yeah	0.296	pos
i wish michel roux would stop saying everything in a fucking french accent on food and drink	0.128	pos
please stand up as a strong voice against this madness this is going down as one of our lowest points	-0.0964	neu
shared carribean calamity always on the prowl eager to pounce and antiamerican shared sentiments gig revelation i ‚Ä¶	0.743	pos
‚Äò give me your tired your poor ‚Äô the story behind the statue of liberty ‚Äô s famous immigration poem	-0.3818	neg
just in noddshaped clouds spark a social media storm in mexico n nhttps	0.2263	pos
hi i love u for making this thank u	0.795	pos
you are welcome chris	0.4588	pos
that is what they all said about cruz i cannot respect a guy that is too scared to defend belts	-0.6656	neg
this is a great song go tell it by reuben lael ft candy west	0.6249	pos
this is so cute oh my god can bts react to him	0.7155	pos
smp soube	0.0	neu
someone please dm tweet me if you can get me a camila video i will love you forever	0.7579	pos
no he needs good body guards the ones with plastic hands	0.1779	pos
thank god for the 23 friends that actually care about me check on me you guys know who you are you are a blessing i swear	0.9169	pos
up for sale is a 1975 kia escalade	-0.6369	neg
an educated man is one who has so developed the faculties of his mind that he may acquire anything n hill	0.0	neu
a short film you ¬¥ ll like	0.3612	pos
oldest champions blast from the past	0.5267	pos
im earning in shower thoughts with mpoints	0.0	neu
enter here for a chance to win a 1000 rifle scope it is free to enter	0.8442	pos
old memories bubble up to the surface accompanied by a bitters more for libra	-0.1027	neg
jimmy carter banned arabs back in the 70s and nobody said anything	-0.4588	neg
there is an antichrist in the white house	0.0	neu
i was thinking the same but like a poo once you flush who care where it goes as long as the shit is gone	0.9331	pos
found a transponder snail ncandid pics from the alubarna palace baths nhttps	0.0	neu
i liked a video one ok rock bedroom warfare official video	0.4215	pos
watching you looks mind blowing n n	0.0	neu
take a	0.0	neu
hahaha whaaat the fuck is this n nervous laughter	0.296	pos
you start the day only to be stopped by a cosmic knock on the more for pisces	-0.2263	neg
again your skewd logic comes to the fore	0.0	neu
or just unfollow you could do that as well	0.2732	pos
my heart is broken n n	-0.4767	neg
only you could have met me from 4 years ago we would have so much fun	0.5542	pos
java developer backend n nposition type contract nworking hours fulltime nsalary s 4000 s 5000 per month n nhttps	0.0	neu
im gonna sleep rn but js i got a job interview saturday and im bc its one step closer to getting exo tickets and car insurance lmao	0.7469	pos
umm does not this show net questions down because they are already answered while in js land new ones are coming up all the time	0.0	neu
java programme that autogenerates abstract results and discussion sections of we live in the future	0.0	neu
any team looking for a freelance frontend dev on a project someone i know is looking for a new csswithadashofjs job near amsterdam	0.296	pos
cool demo for a sin wav using on	-0.3182	neg
i wanna work at arvo but at the same time i fux with mocha java tough but at the same time arvo would not hire my nonaesthetic ass	-0.7579	neg
new job alert node js by vhh	0.296	pos
black michael kors python embossed cross body purse dust bag	0.0	neu
today java script	0.0	neu
js na in a few moments	0.0	neu
tweets and python bff 3 2503783098 15878	0.5994	pos
the road for java mobile has already has been made and the path made easy nokia come up with savaje os nhttps	0.4404	pos
black michael kors python embossed cross body purse dust bag	0.0	neu
black michael kors python embossed cross body purse dust bag	0.0	neu
kjs 531 01 x8664 extra n support for js scripting in applications n 20170213	0.4019	pos
lyrical python	0.0	neu
how does nodejs manage timers internally via n nhttps	0.0	neu
king of kill or js	-0.6908	neg
i love jackjae so much kings of talking on social media	0.6369	pos
nadai kubuy js but those shoes cost more than my rent damn	-0.5499	neg
need a contract web developer in london apply at	0.0	neu
cr inverted fork ocr belt buckle ocr bow tie unique asterisk 22c8 306 n n10 n nprint n nchr 2055 rnd 1 n n n ngoto n n10 n npython 131 182	-0.5994	neg
firmate	0.0	neu
applejuicejs	0.0	neu
commotionjs	0.0	neu
introduction to data science how to big data with python by ‚Ä¶	0.0	neu
automated security and dependency updates for python projects	0.34	pos
leading investment bank paris front office modelling quant associatedirector emploi finance 15	0.0	neu
c java developer trillys systems year contract opportunity in ottawa on	0.4215	pos
‚ñ≥ script async src charset utf 8 script ‚óè	0.0	neu
black michael kors python embossed cross body purse dust bag	0.0	neu
at alexander o neal never knew love like this	-0.6681	neg
online discussion system budget ‚Çπ 1500 ‚Çπ 12500 inr jobs html java javascript php sql	0.0	neu
just updated my app without redeploying using myjrebel devs can now stop redeploying in java for free	0.2732	pos
js cas is not gay for dean cas is gay in general cmon	0.0	neu
etid deserves to be in the ranks of metallica gojira and baroness amongst the other great metal rock nominees ‚Ä¶	0.6249	pos
‚Äú css in js the argument refined ‚Äù by	-0.3612	neg
featured twice even thanks again for your hard work every week	0.3612	pos
new post added c for c developers automatic garbage collection	0.0	neu
use coupon javadis 9 to learn for beginners 10	0.0	neu
aaah these two	0.0	neu
js right	0.0	neu
i don t know that you can equate lower age of stackoverflow questions per annum with the decline of a platform ‚Ä¶	-0.296	neg
javarevisited 10 singleton pattern interview questions in java answered	0.0	neu
four nodejs gotchas that operations teams should know about	0.0	neu
mobile internship new york ny	0.0	neu
java developer norcross ga usa istaff job title java developer cutting edge technology company is se	-0.128	neg
day 0 of learning python i am doing a brief research for certain resources that i can use to my advantage so i do not waste any time	0.6904	pos
tweets and python bff 3 2505263140 92241	0.5994	pos
posted by websummit rt totorocoderdojo a busy day of python and pair programming totorocoderdojo webs ‚Ä¶	0.0	neu
top python news best tweets of the week 0602 17 ‚Äì 1202 17	0.7184	pos
switch color from java code n nhttps	0.0	neu
dutech systems inc is hiring a sw engineer java j2ee in austin tx j2ee	0.3612	pos
experimenting with async await in nodejs 7 nightly via	0.1027	pos
machine learning predict error n nhttps	-0.4019	neg
email verification link in java n nhttps	0.0	neu
nodejs for embedded systems	0.0	neu
apache spark 20 python do big data analytics ml	0.2263	pos
new lead full stack developer reactjs angular 20 urgent city of london	0.2023	pos
tweets and python bff 3 7494019 7666307 9	0.5994	pos
can someone explain all in python	0.0	neu
surfaces twitter is most shared content just now it presented this	0.4005	pos
oh it is pleased to see u around im jay btw so how js it going	0.4404	pos
easytouse and generalpurpose machine learning in python submit at	0.0	neu
if you use an old oracle java release you may need to upgrade manually pinned certificates node will also need updating	0.0	neu
do consider my request if i had the resources i would have my own mobile range for sale njava dev do not complain about verbosity	0.2755	pos
at jeffrey osborne don t you get so mad	-0.6269	neg
make a fluid painting in your browser ni will call mine chaos monday ‚Ä¶	-0.5719	neg
java is a b equivalent to a a b for boolean values nhttps operators	0.4019	pos
companiesdo you need contact us now	0.0	neu
just ‚Äì space js	0.0	neu
datefns jssoda datejs tend to promote thmslvs as lite alternatives to momentjs i can hardly name just one it depends	0.3818	pos
we are looking for two experienced freelance javascript 6 es6 vuejs developers this cool job is 100 remote	0.5893	pos
news js ireland morning business news february 13 rteie start min ‚Ä¶	0.0	neu
c developers required at mid snr level for a recent entrant to the ni fintech community apply here ‚Ä¶	0.0	neu
kenya bans export of snakes to zoos and pet shops	0.0	neu
dutech systems inc is hiring a sdet java and selenium in austin tx qa	0.3612	pos
remote fullstack nodejs engineer	0.0	neu
‚Äú giving super powers to rails nested forms with vuejs ‚Äî part 2 ‚Äù	0.743	pos
get under the hood of wordpress and customize it to meet your needs	0.0	neu
script async src charset utf 8 script	0.0	neu
show hn automated security and dependency updates for python projects	0.34	pos
like it	0.3612	pos
hacker news show hn automated security and dependency updates for python projects	0.34	pos
i thought the rain funds were returned n it hd started rainin so effin hot bt wait hate rain cz traffic js th worst x1thousand but but	-0.7594	neg
client for side ‚Ä¶	0.0	neu
ddark lake days 2016 official video	0.0	neu
java liquid gunrizm safa versn rage arak shottzy clawsy applesub	-0.5574	neg
smile to your alarm clock nhttps	0.0258	neu
web hosting with java php tomcat glassfish jboss	0.0	neu
in other news michel is now 18 years old and gabriel wrote his first java code	0.0	neu
how do i parse xml in python	0.0	neu
java curam consultant jobs in seattle wa	0.0	neu
cloud developer c java python jobs in london greater london	0.3612	pos
hiring interns fresh graduates for java developer position jobs in herndon virginia	0.3182	pos
tweets and python bff 3 2507923970 15552	0.5994	pos
oupa manyisa mpho makola n thabo matlaba must js leave the club or ppl will hurt them cz really they undermining the club	-0.749	neg
if u let ur creativity runs wild art can be done in js a sec	0.3818	pos
reekohnode 10 0 reekoh plugin sdks and rest api wrappers for nodejs	0.0	neu
they watch n complain this hater will not c wht d hm are going thru but theyll all cum out when the start kissin	-0.4357	neg
good	0.4404	pos
idk i think 9b went there not sure tho	-0.3318	neg
competing but have a young core too	0.0	neu
sign up for tonight is	0.0	neu
check out the mission on	0.0	neu
a terrorist asking to cut funds to other terrorists ü§î	-0.8979	neg
i listened to on bandsintown	0.0	neu
not tyranny having to carry healthcare or auto insurance nactual tyranny having to show customs papers to deplan ‚Ä¶	0.0	neu
apple iphone 6s 32gb verizon 102 1 space gray works great giveaway rt follow	0.6249	pos
i liked a video skatiin tun 3	0.4215	pos
lmao my uncle got a beard a bald head he invited all 4 of his baby mothers to my granny house 3 years ago left when they got to fighting	0.34	pos
first time i could use the word fun to describe an exam	0.5106	pos
one spewed over the cuckoo is nest	0.0	neu
nyou turn it on then you are gone yeah you drive me	0.296	pos
6 inmates escaped jail by removing toilet and	0.0	neu
why is he so cute huhu and so handsome specially in the first clip my hearteu	0.8394	pos
thanks babygirl	0.4404	pos
trump is retelling for the 5th or 6th time his story about how he apparently thought losing 70000 factories since nafta was a typo	-0.3818	neg
i think im going to go back to school to be an art teacher	0.0	neu
part 1 hundreds of hours of audio they need our help to transcribe retweet to help spread the message nhttps	0.6597	pos
my mom is literally the only person i text she my bff Ô∏è	0.5994	pos
video cctv footage shows missing man who vanished a month ago	-0.296	neg
this song is on another level   but i hope quetta jeetay	0.5927	pos
scored first 12 3 of the night with saeed bin suroor trained top score under adrie de vries in the ‚Ä¶	0.2023	pos
bae sings amboi amboi amboi amboi amboi amboi bc you wanna act all cute by swatching all those makeup in sephora on him	0.4588	pos
lol wear a wig outside today and you will never see it again	0.4215	pos
you should always be learning if you re the smartest person in the room you re in the wrong place erica bearman	0.2263	pos
please support branding bud including 300 cannabrands from the u s you can buy it here	0.6124	pos
a dream is a wish your heart makes n nalleyes onnadine n	0.5719	pos
i love mingyu	0.6369	pos
cba for pretentious hipsters who will not give you the time of day if you wear a bra or eat meat or do not have a certain aesthetic	-0.2057	neg
a dream is a wish your heart makes n nalleyes onnadine n	0.5719	pos
ready to get pampered for the big day on saturday	0.3612	pos
a dream is a wish your heart makes n nalleyes onnadine n	0.5719	pos
holding my pee because i do not like using these nasty school bathrooms	-0.6917	neg
this n njohn dies at the end	0.0	neu
apple macbook pro a1278 133 core i5 laptop june 2012	0.0	neu
i wake up to my girl pranking me and im not laughing so who wanna see get out tomorrow lol	0.0444	neu
a dream is a wish your heart makes n nalleyes onnadine n	0.5719	pos
a dream is a wish your heart makes n nalleyes onnadine n	0.5719	pos
i didnt even notice that lol	0.4215	pos
a dream is a wish your heart makes n nalleyes onnadine n	0.5719	pos
tryin out a new product	0.0	neu
at least i have a cool personality	0.3182	pos
just made the switch to now im on the hunt for a code send one my way please	0.3182	pos
project veritas released 119 hours of raw audio in a wikileaks style dump	-0.3818	neg
oh my fucking god lol	0.6674	pos
a dream is a wish your heart makes n nalleyes onnadine n	0.5719	pos
a dream is a wish your heart makes n nalleyes onnadine n	0.5719	pos
so hello nanyways ni tried to focus but couldnt ngod why did not i ask for your full name neverything in life will always be mirrored	0.0	neu
classic movie 3 holly golightly he is all right are not you cat poor cat poor slob poor slob w	0.7692	pos
come join me or you will be left behind	0.296	pos
high on loving you	0.5994	pos
there is a birth of a giraffe live on fb all of the comments consist of people in arguments about if giraffes lay eggs or give live birth	-0.4019	neg
i was unable to by my ticket months ago for now floor tickets going for 80 in boston	0.0	neu
comment apple struck exactly the right note with its naming of apple park as we learn more poll ‚Ä¶	-0.25	neg
join the macy is retail team see our latest opening here pa	0.296	pos
come on let is hope the result stands at chelmsford come on stewards give us a thumps up	0.4404	pos
s p dow hit record highs as oil prices rally	0.0	neu
deportation plans cast shadow on trump envoy talks with mexico	0.0	neu
weekly what is happened this week in the journey to exit the eu read the latest edition ‚Ä¶	0.0	neu
iran says oil prices over 55 per barrel harmful for opec fars	0.0	neu
reuters select from trump seeking jobs advice from firms laying off workers to a wanted man in india ‚Ä¶	0.0	neu
pope suggests it is better to be atheist than hypocritical catholic	-0.0258	neu
what to know about the trappist 1 solar system via	0.0	neu
why tech breakthroughs will take a backseat in the upcoming apple iphone launch	0.0	neu
iraqi forces storm mosul airport military base via	0.0	neu
dutch antiislam leader geert wilders cancels events due to security leak	-0.2263	neg
astronomers find seven earthsize planets where life is possible	0.0	neu
malaysia requests interpol alert on four north koreans over airport murder via	-0.5423	neg
morgan stanley weighs initial 300 brexit job moves bloomberg	0.0	neu
google to help publishers find malicious comments on articles	0.4019	pos
from wartorn syria to the german countryside meet the syrian sisters seeking a new life in europe ‚Ä¶	0.0	neu
u s jobless claims up fourweek average lowest since 1973	-0.3818	neg
north korea raps old ally china after china is ban on coal	-0.5574	neg
pope suggests better to be atheist than hypocritical catholic	-0.0258	neu
thursday morning briefing red red meat	0.0	neu
land rush around pakistan is gwadar port triggered by chinese investment	0.0	neu
nyse plans trial run for snap ipo	0.0	neu
audi board volkswagen to back underfire audi boss sources	0.0	neu
deportation plans cast shadow on trump envoy talks with mexico	0.0	neu
spain reports outbreak of highly contagious h5n8 bird flu virus in ducks	-0.6478	neg
trump inauguration singer asks to enlighten him on transgender rights	0.5106	pos
peterson leading joburg open as rain halts play	0.34	pos
this video supposedly of the tuas fire psa it is fake	-0.6705	neg
thanks but it is been debunked as fake	-0.4939	neg
google dutch institute crack key internet security standard	0.34	pos
ghosn hands nissan reins to costfocused lieutenant	0.0	neu
barca looking to rediscover top form at atletico	0.2023	pos
audi ceo not facing immediate dismissal by supervisory board sources	0.0	neu
pope suggests better to be atheist than hypocritical catholic	-0.0258	neu
barclays reports surprise capital boost as legal costs loom	0.5267	pos
our officers did extremely well minister shanmugam hails for fighting tuas fire	-0.3626	neg
norwegian air steps up transatlantic pressure with us 65 fares	-0.296	neg
mali soldiers armed groups hold first joint patrol in northern town	0.0	neu
us jobless claims up fourweek average lowest since 1973	-0.3818	neg
paceman umesh takes four as india restrict australia	-0.3818	neg
swedish citizen jailed for facebook call to fund is	-0.4939	neg
i just power pushed up four flights of steps yall winded i am	0.0	neu
teams w to bring dynamic realtime audio creative to the digital audio market	0.6705	pos
is taking the establishment by storm check out this great piece n nhttps via	0.7073	pos
of course i will not mind oh anyway its somin not somi heheh	0.0	neu
here is how you can cure a toothache yourself	0.0	neu
and you need to change to spelling of christian on your twitter page	0.0	neu
n neveryone hi friend ngae the world hates me should i kill myself now or later tonight i hope i pass today kms	-0.3612	neg
sadly bit tonight it is closed x	-0.4215	neg
saw this ad amongst my dad is junk in the basement	0.0	neu
i think the plan is building a dynsasty not trying to get a ring this year	0.0	neu
if i ever had cause to wear a scarf i would be into this bonus a poignant metaphor if you accidentally strangle your ‚Ä¶	0.4069	pos
how you tell an authentic perfume from a	0.0	neu
boston had six picks in the last draft and you want a backup point guard over paul george	0.0772	neu
all you need is me and and transgender	0.0	neu
geez that helped him so much at the polls but im not relitigating primaries w you so bye	0.0	neu
shallow is not it but is a simple sorry could kill you	-0.8402	neg
lol i posted this last night and dont remember doing so	0.4215	pos
he is actually too much i am in love Ô∏è	0.6369	pos
rsvp will you be there tomorrow for the of to ‚Ä¶	0.0	neu
well she does not like nobles meanwhile looks fabulous even if she brought her gun to the ball	0.2477	pos
yeah i saw that cyno it was so sad	-0.4198	neg
a butterfly	0.0	neu
im bagging it no grocery	-0.296	neg
you re not a trump democrat you re a republican now	0.0	neu
shelfspace do not sit at your desk another day just wondering what might be via	0.0	neu
you are such pathetic and biased journo shame on you	-0.836	neg
currently	0.0	neu
hello i hope you visit luxor its amazing city in egypt pleas check my regards egypt	0.7717	pos
stop popping your pimples it will leave you	-0.34	neg
a lil sum like that	0.3612	pos
trump will lose the fight over bathrooms for transgender students	-0.6486	neg
ready to prove he is the best 2020 de in the nation	0.7717	pos
354 three point made j wanlass shs dhhs leads 13 7 in the 1st quarter	0.0	neu
i hope the audience at the dinner event will be high and give good response to their performances tmr	0.7003	pos
wtf man cuts off both ears because he	-0.7184	neg
two years ago minus a day anglers and fans were dealing with icy hartwell and still topped the turnout scale	0.0	neu
that is my thought too i am just nervous about my teeth because i have had two tooth infections in the last year lol	0.1779	pos
i hate being held up just tell me what is up damn	-0.7506	neg
breaking news 40 of albertans insane	-0.4019	neg
yeah but i do not have a hot latino boyfriend	0.1531	pos
i love 69	0.6369	pos
ay thank you for the follow peep these drake type beats with hooks	0.3612	pos
interesting afternoon n nrunning on 30 mins sleep though means im about to crash ill let you know about possible stream tonight	-0.4215	neg
i don t care if you just pass by a point i just need you to pass my department head regarding the theatre history midterm	0.4939	pos
forget unfollowers i believe in growing 1 new follower in the last week stats via	-0.0516	neu
ardmoremerionwynnewood patch old gulph road in lower merion closing today	-0.296	neg
might as well they gone take the wrong guy anyways	-0.25	neg
hellboy ii the golden army dvd 2008 3 disc set collector is set new sealed	0.0	neu
shake the table already	-0.1779	neg
did you stop the guy	-0.296	neg
haha all part of the service hopefully see you both on board soon	0.6908	pos
found a transponder snail noars comes back as a henchman of moria nhttps	0.0	neu
jada forgot all about it shes still wanting to run if you need her	0.0	neu
sure but we will never know this regime thinks he is a dman they probably would not take a 2nd rounder if it were offered	0.1655	pos
america seriously stop voting for republicans how much trouble do u want us to get into before u wake up ‚Ä¶	-0.6486	neg
please know that to speak with a customer service representative kindly contact gtconnect our 247 selfservice contact 14	0.6705	pos
fyi this was hardly the first time a jewish cemetery was desecrated yet now it is politically convenient to care	0.6124	pos
i have watched that video almost everyday since u posted it Ô∏è Ô∏è	0.0	neu
who the fuck can you actually trust these days	-0.0516	neu
i stress this again i do not think transformers rid is bad in the same way transformers energon was bad rid is just weirdly sloppy	-0.9001	neg
the event horizon of a black hole will be photographed for the first time in history	0.0	neu
odiva nail enamel remover wipes review on	0.0	neu
yes and besides collins and murkowski the other 3 gop women senators are in their first term fischer ernst and capito	0.4019	pos
a wise man once said we should tune our instruments before playing a symphony permit me to add christians shou ‚Ä¶	0.5994	pos
did not i answer sweetly baby	-0.3724	neg
all i can think about is about dropping his album	0.0	neu
1st time f bayrou make a smart political decision 40 yrs of politics macron if he does not make a mistake is in a good position	0.7674	pos
themagic ofnadine nyou win n	0.5859	pos
lest we forget about our brother future who is still suffering from a sore throat	-0.7579	neg
i reckoned it was not for me either and skipped it too missed fences cos of the snow today maybe tomorrow	-0.296	neg
she told me n a bit of madness is key nto give us new colors to see nwho knows where it will lead us nand that s why they need us	-0.4404	neg
radar count alonzo f dionis ‚Äú g o a t ‚Äù video	0.0	neu
so happy to be a part of this project with my brother i cannot wait to show yall what we been ‚Ä¶	0.6115	pos
prof luis bettencourt to join u chicago as director of the new mansueto institute for urban innovation ‚Ä¶	0.5859	pos
placards of the taiping heavenly kingdom it is on our blog	0.6124	pos
she thought it was a normal clogged pore	0.0	neu
the past of these wwe wrestlers will leave you shocked	-0.3612	neg
no bagel bellis on the board pretty please caro finish this without drama	0.5106	pos
are you sure you want to party with the demons	0.6486	pos
in fact prior to 911 you probably didn t know anything about islam beyond muhammad ali	0.0	neu
must read i was a muslim nsc staffer in the trump administration i lasted eight days	0.0	neu
n also a train ticket to go visit her like i am done in	0.3612	pos
let is vote for the young and beautiful amanda n nvoting lines closes on saturday n n 120 1512 n n	0.5994	pos
is this a joke john podesta joins the washington post as contributing columnist	0.296	pos
come join me or you will be left behind	0.296	pos
i once worked on a team with all 7 peers that were women and 3 rungs up were all women	0.0	neu
you got too	0.0	neu
you are right preenlightenment christianity was like islam today which never went through that philosophical phase	0.3612	pos
i felt a little fearfully at the beginning nthat was a mistake i should not doubt people easily i apologize for everyone everything	-0.5904	neg
now i accept that i will never get my normal sleepin again sebel	0.3818	pos
you will borrow 100naira from etisalat they will charge you 15 then when you recharge 100naira later they will tak ‚Ä¶	0.0	neu
police officer in annaheim did nothing wrong simply defending himself from a pack of little thugs i would have done the same thing	0.3724	pos
well at least i put make up on	0.2732	pos
unbeliavable but true ÔøΩ here ÔøΩ s how you can	0.5719	pos
gg is groomer told my dad today that gg needs to go on a diet	0.5267	pos
well it is best to but just get a 1ms and 144hz	0.4854	pos
star trek best gay moments what is this u just watch the whole show	0.6369	pos
bend over frat boy we got a huge one for you	0.3182	pos
wow i share a birthday with that is pretty cool happy birthday	0.9349	pos
every damn time i look down at my open sketchbook and i see this cutie and i m like yes i believe in myself the wa ‚Ä¶	0.657	pos
join the boston market team see our latest opening here ny	0.296	pos
it is guys like this that give religion a bad name if there is a hell one can only hope he is heading there	-0.5719	neg
a warm welcome to all of you lovely lovely we will be in touch look fwd 2 hearing how you stand with children	0.91	pos
kodak chris brown future migos tory lanez young thug chance i get to see all of them starting in just a few months	0.25	pos
before you delete your account uber wants you to know it is deeply hurting	-0.4576	neg
hj really is artist his art always has misery unique i still do not know what he really mean to white hole and now anemone	-0.5719	neg
if you are using black or red bed	0.0	neu
nccc champion canton opens play in the nccc tournament on friday night when the warriors host somers at 7 p m	0.743	pos
sure you were not banned from tv by you can stop with the once you have been sidelined you know	0.3777	pos
the event horizon of a black hole will be photographed for the first time in history	0.0	neu
im earning in quick pool ios	0.0	neu
arden please this is very important for the plot of date or die iv murderburger	-0.1298	neg
thats my boy	0.0	neu
my dear ramcharan tej please see my video and try to release the p ‚Ä¶	0.5994	pos
bullish sentiment fuels bitcoin is return to 1000	0.0	neu
new stickman adventures via	0.34	pos
morgan stanley ‚Ä¶ check out these returns ‚Ä¶	0.0	neu
be aware people are buying from the internet	0.0	neu
i guess we are doing this thing	0.0	neu
just posted a photo	0.0	neu
man patika videoklips reaction to bts game would you rather dirty ver	-0.4404	neg
you do not know what it feels your presence excites me tbh	0.4767	pos
with ty sabin is latest mwc player of the year award ripon has won 5 of last 7 mbb player of the year awards	0.9153	pos
and i thought falling literacy skills were caused by not reading anything at all	-0.1531	neg
i would get his ps3 out if i had a friend that wanted 2 play tho should jst hook it up check out his games	0.6808	pos
because i am	0.0	neu
fingers crossed anyway will you be joining us tonight	0.0	neu
still crying over the fact seokmin loves one piece and actually sang the ost	0.1531	pos
russel is being hit a bit today already at the 20day ma	0.0	neu
the 1553 london victoria to east grinstead has been delayed by 15mins from east croydon	-0.2263	neg
today s food for thought n nwe are being asked a question the value we place on our life be aware	0.34	pos
you keep falling for the shit then act like you are surprised when he does it again you dumb as shit i just do not understand	-0.8271	neg
use my link to get 5 for signing into the amazon app the first time	0.1779	pos
hahaha the savagery	0.0258	neu
11 biggest guest blogging mistakes keeping you from success and how to avoid them	0.0	neu
if this is the only day that the storm takes place does that make today doris day	0.0	neu
sandcresearch 20repscott just below parallel but i do not think depth affects hamstrings activation in the squat ‚Ä¶	0.0	neu
paul george to boston does not make them a championship team lebron the cavs still will kick their asses	-0.3412	neg
the alzheimer ‚Äô s aluminum connection	0.0	neu
im serious amber	-0.0772	neu
when u take a shit during the shits	-0.7717	neg
boogie and the brow lol sports center funny	0.6908	pos
kevin de leon is not the name on his birth certificate the sacramento bee	0.0	neu
see when you take my loyalty and shit on it girl bye	-0.0258	neu
puts on a flower crown n openly weeps n nnew ‚Äú love ‚Äù ‚Üí by via	0.4215	pos
ou say the things you feel are right√™	0.0	neu
good mind to give dorris a swift right hook	0.5719	pos
ou say the things you feel are right√™	0.0	neu
hey guys dina is a hoe follow me samsamg 40 im better and funnier	0.6808	pos
enter to win a cuisinart advantage 12 piece knife set	0.7003	pos
lets gooo	0.0	neu
went to gamestop and traded in some games seriously got 003 each for quite a few of them	-0.1779	neg
4 minutes apart a lot changed boys working behind the scenes	0.0	neu
ou say the things you feel are right√™	0.0	neu
the future is now and these 11 gadgets	0.0	neu
i know how to parallel park bro it is just a matter of actually doing it	0.0258	neu
i with to win rbs 6 nations tickets pick your match by 8p m you could too nhttps	0.5859	pos
100 sweat it out is the best destress	0.6369	pos
i was meant to have mine today too but it had to be cancelled congrats	0.4767	pos
school girl pic sites sex and the city hbo series	0.0	neu
holy shit and then i come to find out he fucking works at york theater no joke i have an interview near there today i cant believe it	-0.5574	neg
i voted for naperville north dawg pound in the	0.0	neu
i love u	0.6369	pos
oh you are not done thought the conversation was over hmmm child has to have the last word does not shock me goodluck	0.2924	pos
nude hot school girls got sex	0.0	neu
what the world	0.0	neu
the fuck are you saying all your layouts are art shut up	-0.5423	neg
things just wont do without you matter of fact	-0.0191	neu
i also want him to be my mans but that is another story	0.0387	neu
ou say the things you feel are right√™	0.0	neu
this is a damn shame	-0.7003	neg
where can you run to escape from yourself	0.1779	pos
it is thursday so you know what that means send us all your s from this past week and make sure you hashtag ‚Ä¶	0.3182	pos
chy all this time i thought his name was kirt ü§î	0.0	neu
i do not think there is a rule categorically stating they cannot i just think either the current female roster is not good	-0.3412	neg
holy shit the wind is so bad	-0.8439	neg
thank you 4 letting us know x	0.3612	pos
damn is the smart one	0.0	neu
i play an instrument made out of a hollow bambo stick	0.34	pos
gave ¬£ 1 to get the bus yesterday and she actually went and sent me it back over paypal	0.0	neu
it almost looks like the dark mark in hp gof	0.3008	pos
even though people think tyler the creator weird he got some nice metaphors and analogies	0.2732	pos
i love that my family calls me tree or tria	0.6369	pos
have u seen this castel santangelo more than you every wanted to know	0.0	neu
arrest the offduty lapd officer	-0.34	neg
he is a fool lakers are old news and garbage	-0.4404	neg
i liked a video from f2 recreate world famous football moves	0.4215	pos
if any of you are feeling isolated or rejected by your families because of mental illness i am here ready to listen i get it	-0.6486	neg
let me understand this the lottery effect of genes on skin color determine how you will be treated but life choice is different	0.0	neu
i love youim a potato	0.6369	pos
literally a tree has blown over nah	-0.1027	neg
fwwcctehranr 5 nkosteniuk a rus muzychuk a ukr n64 nthe exact calculation of the complex combinations with gain of 2 pawns	0.5267	pos
found a transponder snail nfor honor giants clash in ancient jungle nhttps	0.4939	pos
never be ashamed of wht u feel u have the rite to feel any emo tht u want and to do wht makes u happy that is my life motto demi lovato	0.7618	pos
for 6 per page i can write an a nonplagiarized essay for you for testimonials dm or email onlinefreelancing 7 ‚Ä¶	0.0	neu
you bloody did	-0.4404	neg
breaking the producers of dumb and dumber have confirmed that tom brady will play lloyd in the 4th installment d ‚Ä¶	-0.5267	neg
when you talk to someone who cannot take your quality banter	0.0	neu
on a trip today nice	0.4215	pos
i woke up just in time for the supreme drop	0.3612	pos
a lantenne jan garbarek the hilliard ensemble strophe and counterstrophe body h radio nature	0.0	neu
i do not see the sky as blue as you do	0.0	neu
keith nmetro pcs ndiscriminates against the disable nrace nelderly nstay away from this nigga	0.0	neu
i got a part time ole lady	0.0	neu
i am attracted by looks but personality makes me stay	0.2263	pos
babys name reveal new intro nat wes q a via	0.0	neu
promoting the all lives count message	0.3612	pos
i need tickets and an invite to that wedding	0.1531	pos
when you are dry shampoo cannot even tame the mane so you pop on a hat	0.0	neu
paul george for jae crowder the nets pick expiring contracts should be the parameters maybe an extra draft pic ‚Ä¶	0.0	neu
there are an incredible number of people moving and shaking the existing global business environment	-0.1027	neg
how do you not get bored being with the same guy for more than a month hastagasktwitter	0.2057	pos
insanely proud of my junior cbners school spirit on all time high these past few days ever since i left school	0.5859	pos
great interview with hear more from him and see at our roadshow in richmond ‚Ä¶	0.6249	pos
you cannot push someone to their limits and expect them not to break	0.0	neu
video rush limbaugh the election has made liberals mentally sick	-0.5106	neg
what is a learning resource you really like here is a free startup revenue book i recently read	0.7264	pos
hi i love you have a great day b	0.8519	pos
these are the highest paid sport stars you	0.0	neu
and brady will still look like this i betcha	0.3612	pos
so gutted i missed it sky box went off due to doris	-0.3566	neg
replace for russia	0.0	neu
i no longer live but christ lives in me galatians 220 amen	-0.1531	neg
if you see a thin blue line on	0.0	neu
i woke up earlier than i was supposed to Ô∏è	0.0	neu
yea contrast my experience of fam being a thing when i was like 8	0.3612	pos
about to get up and put some money on my dad books in a few after that idk	-0.1027	neg
shut the fuck up silly bitch	-0.802	neg
honestly i m hilarious wow that sounded so conceited i hate myself	0.6728	pos
fucc em we ball	0.0	neu
id easy have you jordan	0.4404	pos
you probably saw that announced a nov date for	0.0	neu
n nsame here patience is required n nhttps	0.0	neu
tag yourself im i actually understand evangelion	0.0	neu
you wo not belive these pair of celebrities are	0.0	neu
7 people who cheated death by surviving the	-0.7184	neg
thank you	0.3612	pos
theirs plenty of jail cells open this jackass in system once you will just f your life thugs think they are so tuff ‚Ä¶	-0.5023	neg
and you re all bob what a surprise and he s all i m not really bob and it s a rabbit	0.2732	pos
hope it goes brilliantly for you mate talk me thru that dish sardines looks wonderful	0.891	pos
only if harry potter has a cameo and stanley kubrick	0.0	neu
i had a pretty sick drift once before i flipped and had to restart so	-0.0258	neu
you got my heart do not you know you did it	0.0	neu
ok that powerrangers tv spot tho was good i hope seeing all these dont ruin it for me lol	0.9165	pos
‚Äú trust the vibes you get energy doesn ‚Äô t lie ‚Äù	0.6597	pos
james a farley post office building mckim mead and white 1912 beauxarts style exterior	0.0	neu
floaty first time i heard of that	0.0	neu
rhythm in motion the duke opens march 29 six performances tickets are now available via	0.0	neu
i did not think it was possible for a fighter or human to be more ghetto than rampage but i was wrong we have	-0.5927	neg
my bootleg uconn mini weber smokey mountain i made n nhttps	0.0	neu
finn to the celtics	0.0	neu
this is the best year of my life	0.6369	pos
i can almost feel you here ‚Ä¶ caressing me ‚Ä¶ touching me ‚Ä¶	0.0	neu
hustle hustle pray to get to where you want too be los angeles california	0.3818	pos
the first viral trend of 2017 is both	0.0	neu
im at b Ÿè on cafe in kuwait city	0.0	neu
i played it for aclu and did fine the koko you guys use is also a variable slot	0.4939	pos
warm weather makes me want a beer	0.296	pos
yep the hawks are winning the championship now	0.8176	pos
if the celtics pull of a deal for paul george it is over for cleveland	0.0	neu
and i see u with her slow dancing	0.0	neu
when the world needs to do better than it is doing how do we break it to our kids a hopeful take	0.7351	pos
if you are an division 1 footbal	0.0	neu
agreed alpha direct offers more warmth for weight and even better breathability than thermal pro in the r2	0.807	pos
i can ‚Äô t afford this by a long shot but has anyone seen something similar on the high street or in leopard print n nhttps	0.0	neu
from the first time i met you knew that you were special ntold you to hold me down and never let up	0.4019	pos
these horrific pictures will make you give up	-0.6597	neg
mardi gras drinks you can make at home if you ca not make it to bourbon st creates the illusion	0.2732	pos
if im not wearing skirts or pajama pants im upset	-0.3818	neg
wtf man cuts off both ears because he	-0.7184	neg
anarchy i hate this	-0.5719	neg
you ever had a chick foam at the mouth while giving you head lord have mothafukn mercy	0.5994	pos
there are 3 people in this house but 8 bins so based on this evidence there are definitely more bins than people in the world	0.5499	pos
i do not always have the right words for people ni do not always know what to say or do but know i listen and im here if yall need anything	0.0	neu
the first viral trend of 2017 is both	0.0	neu
i forgot noel was on the market if he is sent to dallas bogut is on the next plane out	0.0	neu
when elise is the real mvp	0.0	neu
thank you	0.3612	pos
hope today is better for you colorful colleen	0.7003	pos
thinking of all the trans kids in the u s today who are no longer safe in their own schools	0.1779	pos
i workout for the compliments from other females telling me i have a great ass women are always more critical of other women	0.1796	pos
but pray for midterm week yall that is going to be a stressful week	-0.3612	neg
currently reading gather together in my name i love maya angelou is writing styles everything she writes is a d ‚Ä¶	0.6369	pos
johnny miss crawly love the mustsee films to share with your kids they are here ‚ñ∫ ‚Ä¶	0.7003	pos
i laughed way harder than i should have	0.4588	pos
our expresses his serious concerns about the white house ‚Äô s terrorism analysis	-0.7096	neg
smart constituent at grassley just handed him a typed copy of her qstns so you don t have to write them down before speaking	0.4019	pos
12 wealthiest doctors from all around the world	0.4939	pos
9 enormous fossilised supershark discovered in texas	0.0	neu
so when we are greece you do not plan on entering the water	0.0	neu
let him know that he is one in a million with this perfect gift combination	0.8061	pos
have you heard about the spring into fitness event hosted by the fitness center check out a group fitness class to ‚Ä¶	0.6486	pos
ma dukes done set her reovery time back a week trying to do too much smh	-0.3182	neg
if you see a thin blue line on	0.0	neu
you know what this might be good content for a traffic and weather episode	0.4404	pos
wow uh wow are you guys not a news organization at all	0.8225	pos
i need my hair done these hoes do not wanna make no money i really do not feel like doing it myself	-0.0572	neu
if my man every leave i m going with him shit was always funny	-0.2263	neg
thankful for the beautiful connotations to my name	0.8225	pos
you were so good tuesday so happy i was front row	0.8287	pos
i chose can ‚Äô t wait to see if my choice wins on on thursday 730 et	0.5719	pos
nigga said i will wait for you at the bottom	0.0	neu
that is true alot of people dont recover from them they just torture themselves but if you get over it then you are brave	0.6187	pos
the latest advancing mobility thanks to	0.4404	pos
a bird in the hand is dead	-0.2732	neg
dream cake	0.25	pos
nseem funny that not even you legal teams wish to intervene in these qs	0.6405	pos
over the moon	0.0	neu
yall really think so terribly of us im really hurt by this	-0.8638	neg
i have got edit suite cabin fever 4 days innearly 50 hours in this little room	0.0	neu
im the person at the bookstore taking pictures of all the books i want to read so i can go home and put them on hold at the library	0.0772	neu
if buch is benched again im gunna scream	-0.4019	neg
idk what i did to deserve him tbh	-0.1027	neg
so none of terry is teachers notice that she is not in school but there is a new guy that has her name not suspicious at all	0.395	pos
12 years a fugitive north bay murder suspect finally captured	-0.7845	neg
the most bizarre stories from doctors about their	-0.3804	neg
gordon would not go for more than a 5th round pick right now and it would be hard to get that	-0.1027	neg
havent seen anything but he is just a dose	0.0	neu
woman busy texting falls in a fountain right	0.0	neu
when a guy walking in front of you and his vaper smells like vanilla cupcakes	0.3612	pos
im just starting up conversation	0.0	neu
doctors pull live cockroach from a woman is skull	0.0	neu
ask rumana ahmed a woman who converted to islam about the diversity policy of saudi arabia iran how do gays fare	0.0	neu
truth	0.3182	pos
yeah i was not going to sugar coat that	0.296	pos
spencer spotted at the gates of cpac	0.0	neu
nyani how blonde of me i just never figure someone would go to such length	0.0	neu
i just checked in at moneygram with download today	0.0	neu
aye go vote for reagan reeves for poy she is in third right now it only takes a few seconds n	0.0	neu
how tf can you sit in hs for 7 years	0.0	neu
great quote from a great column the death of compassion if you voted for chump you re tainted ‚Ä¶	0.8074	pos
sweet	0.4588	pos
surprise watch those guys response when she brings in her son on a tinder date	0.2732	pos
initiallayoutattributesforappearingitem at keeps messing with my head but i think i got it	0.0	neu
why did not you tell me earlier nwhat time is it there	0.0	neu
bbc say aday daily portions of veg for easy to achieve with our meals nhttps	0.4404	pos
me and nya in the same boat but at least we got each other u0001f91e Ô∏è	0.0	neu
state of emergency at jfk airport after an	-0.3818	neg
yall get wild with the warm weather	0.2263	pos
ok so im babysitting this little baby at my house my dad comes home hes sooo confused on why i have a child	-0.0258	neu
so proud of you	0.5256	pos
you wheelie bin having a tough time then	-0.128	neg
yeah i remember hearing him on a dj clue mixtape almost 15 years ago he has classic mixtape verses	0.296	pos
i just wanna move back to spain u200d Ô∏è	0.0	neu
apartheid struggle south africa to educate citizens about nigeria ‚Äô s role via	-0.3182	neg
the same people that preach this are the same people that think it is okay to fuck your siblings	-0.3818	neg
all the tweets in your drafts that is the real you	0.0	neu
i would love to sleep for another 35 hours yay	0.8225	pos
18 y o i am from chile and i am really into david bowie	0.0	neu
this is what your fingernails can tell you	0.0	neu
emergency meeting tonight to address des moines water works lawsuit against sac calhoun and buena vista counties	-0.5423	neg
i just checked in at chevron with download today	0.0	neu
someone never had a cat t	0.0	neu
the best	0.6369	pos
indeed a true and loving father corrects his children he doesn t spoil them	0.7717	pos
he said she said the mythical history of the false rape allegation	-0.6908	neg
lm consistently offkey 2h on point vocally lol lord someone help this child out	0.6705	pos
in the hub caf√© is thai basil eggplant served with basmati rice and crispy broccoli	0.0	neu
i is not dying yall got me bent	0.0	neu
it is not just the press being silent about it the police sometimes just ignore it	-0.3612	neg
these are the 10 most corrupt countries in the world by via	0.0	neu
this girl this girl this girl can be the one to rock my world	0.0	neu
thank you	0.3612	pos
currently riding in a lowered minivan thanks to for the opportunity	0.6369	pos
never heard a ugk song i do not like tbh	-0.2755	neg
i added a video to a playlist what i ate today plant based vegan	0.0	neu
i thought you said you were different	0.0	neu
dumb waiters by the psychedelic furs	-0.5106	neg
i have just watched episode s06e06 of once upon a time 2011	0.0	neu
my buddy and i ate 16 burritos in one sitting a rumor was falsely reported as the tucson massacre of 16 beaners	0.0	neu
thank you for the support proud to be in working on our mission to develop for th ‚Ä¶	0.8074	pos
what news sources do you consider legit then	0.0	neu
yes you are dear ones you are a masterpiece	0.8555	pos
the fact his music is inspired by what i most listen to and is basically what i wanted it to be got me more excited for it	0.7089	pos
if hurricane fucking doris stops me from seeing drake im gonna go crazy	-0.507	neg
after you will see what can do this amazing	0.6705	pos
i thought i was the only one that does not feel that thing	0.0	neu
you are too good for that bree	0.4404	pos
im honest i make mistakes i be the second to admit it	0.3818	pos
pope francis suggests it is better to be an atheist than a greedy christian by ‚Ä¶	0.1531	pos
7 easy tips to know if a girl loves your money or you	0.765	pos
the student health center is so trash but i really need to go	0.0	neu
rip mrs white replaced by becky i mean dr orchid with the good hair via	0.4404	pos
hit ya with a couple different strokes like michael phelps	0.3612	pos
just saw a van with a ben carson bumper sticker did not know those people existed	0.0	neu
n u0001f940but now you got a boyfriend down the street u0001f940	0.0	neu
jeanpi is in a serious relationship with animal crackers	-0.0772	neu
woah	0.0	neu
things are heating up	0.0	neu
i really do not know what you look like but this jim is gonna ask for friendlies	0.7227	pos
this is us	0.0	neu
100 on rotten tomatoes nearly 70 reviews so far wow i was amped to see this either way going tonight	0.197	pos
i liked a video from jake paul says alissa cheated youtuber kicked for p0rn sargon of	-0.128	neg
good they did not stick to the book here	0.4404	pos
totally agree and her assets stripped and given to the soldiers whose lives she has destroyed	0.0754	neu
honestly love you for this tweet especially other toneh	0.802	pos
mya is a chicken nugget	0.0	neu
i said to myself the next time i see this barista at starbucks i will give him my number today i saw him i chickened out	0.0772	neu
i just blew in from the windy city the windy city is mighty pretty it is after all Ô∏è	0.4939	pos
fuck yes got a second interview for apple	-0.2023	neg
these are the highest paid sport stars you	0.0	neu
unbelievable how mainstream media has become just liars armstrong economics	-0.3818	neg
exactly catalans in spain still have a strong identity despite it being even illegal to speak catalan for decades under franco	-0.0772	neu
we would love to work with you and have some really cool event opportunities come spring summer let is set up a call asap	0.8643	pos
i prefer my burrito long rather than fat this is not a euphemism	0.0	neu
this seems like a monthly occurrence	0.3612	pos
chicago moving to name street after faln terrorist oscar lopez rivera ‚Ä¢ ‚Ä¢ ‚ñ∫	-0.6908	neg
looking forward the wi fair come and talk all things latin america with steph kitchin	0.3182	pos
showing some love for our product of the month how cute is this heart tantattoo ‚Ä¶	0.802	pos
just so you know im not saying to become the is in however on the fact that drives us to places	0.0	neu
who is gonna be the first to flip a chair today	0.0	neu
over 18000 in silent auction items and 500 tickets sold for the event ‚Ä¶	0.0	neu
but if the nets pick does not end up being number 1 then they miss out in both	-0.1154	neg
nothing you do for children is ever wasted n n	-0.4939	neg
state of emergency at jfk airport after an	-0.3818	neg
nah she left and im out here imagining every thing that could go wrong i did not go to disney until junior high she is a child	-0.5423	neg
i just spent like 10 minutes trying to find the screenshot and im not sure where it is but oh oh just wait for it okay	0.3857	pos
can he live	0.0	neu
yall need to read some of the replies to this tweet	0.0	neu
last time i was home in toulouse was pre baby marriage and college to now with my adorable 5 year ‚Ä¶	0.4939	pos
and i have to stop looking at him first	-0.296	neg
having viet coffee at 7pm might have not been the best decision	-0.5216	neg
i actually accomplished a lot in math english and psychology in just 2 hours	0.4404	pos
my mental health and physical health are in a war to see which one breaks first	-0.5994	neg
tbh do not know abt khi generally punjabi are chilled out but the govt is not not right now	0.0	neu
12 tips on how to make a great first impression according to executives	0.7184	pos
i have not had any Ô∏è	0.0	neu
checkout this amazing natural face toner that also clears the wrinkles on your face	0.765	pos
oh man you have confirmed it i keep hearing this same response and i cannot wait scared to see it lol	0.6377	pos
horny girl wait for you	0.0	neu
i won t be long before i come upstairs like 10 minutes n n is still downstairs an hour later	0.7351	pos
india high 4rth ining total n445 vs aus lost n429 vs eng draw n4o6 vs w i won n nnow 441 vs aus nutv acti 0n nawais abbas	0.34	pos
flashback obama went on all tv shows except fox news treasury dept tried to exclude fox video ‚Ä¶	-0.0258	neu
see any familiar name congratulations to the women on top this month we want to see you transform into	0.7184	pos
teacher arrested for attacking and breaking the jaw	-0.7269	neg
the moment im able to play baseball again is the same moment i get a massive cold	0.34	pos
is like your on the daytona racetrack	0.3612	pos
im such a waste of time	-0.4215	neg
scientists discovered how to have a better night	0.4404	pos
i thought this was you	0.0	neu
im sorry mini	-0.0772	neu
perhaps what is right for you is wrong for me and vice versa it is simply my christian view as taught thru luthe ‚Ä¶	-0.4767	neg
i do not believe polls wrong during election cycle predictions wrong now red state voters love trump	0.8522	pos
fuck you	-0.5423	neg
get up stand up do not give up the fight bob marley	-0.3818	neg
i was gonna go	0.0	neu
happy birthday bff hope you have a great day	0.9393	pos
inner peace is what i need for myself and my sanity and i will have to sacrifice and give up alot	0.5423	pos
if i die bring red roses to my funeral wear all black i would not have it any other way u0001f940 u0001f5a4 u0001f5a4	-0.7506	neg
i cried today at work bc i miss my dog nim off early cannot wait to get home to her	-0.4939	neg
why we wear the watch on the left	0.0	neu
do not understand why people co sleep with their babies i tried for an hour last night and all scarlett did was punch me	0.0	neu
supposedly i beat teen pregnancy but thanks fam Ô∏è	0.5927	pos
shah alam antlers is a dope	0.0	neu
morally bankrupt ni have lost count of the lies we have been told ni stopped counting at 135 on tuesday n nits only 35 ‚Ä¶	-0.8625	neg
well you are the one pushing to flood whites why would it be on whites to figure out how many despise them	-0.0772	neu
i put him away	0.0	neu
let me never fall into the vulgar mistake of dreaming that i am persecuted whenever i am contradicted r w emerson	-0.7184	neg
the beautyrest and the beast	0.0	neu
lol well	0.5994	pos
im over here dying lmao	0.5994	pos
why i tweeting i love her	0.6369	pos
you do not mean it anyways	0.0	neu
have read about her will make a fascinating watch ca not wait hela	0.5423	pos
it was a triple ot though	0.0	neu
but the concept where she was in the building with the fucking lights flickering on and off and the band and the leather jacket hooo	0.0	neu
djfkjf i cant believe its tmrw already too me n harrison r trying to get them at the same time as like 4 other friends so we	0.6808	pos
fuck a normal life	-0.5423	neg
that kid is too much but i love seeing him at conti cuz he gets all that energy out and i love the heart	0.9455	pos
‚Äú if i love you what business is it of yours ‚Äù n ‚Äï johann wolfgang von goethe	0.6369	pos
seventh tranche of sgb to be launched on feb 27	0.128	pos
thats cause it is a classic bro never gets old	0.0	neu
why we wear the watch on the left	0.0	neu
if u re a girl nd u ve me on ur list nd u biliv snubbing me is d best forget it u re already playing fuji with ur future no doubt abt it	-0.128	neg
me before a final i know i will fail	-0.5423	neg
they removed the child as he is returned thrown back to his robe tribe their new eve now out of our systems they call if pegan eve detach	0.0	neu
praying for you man i love you as a brother in christ cyber hug goes out to you	0.8689	pos
im discover which you are start quiz	0.0	neu
i think his touches will increase every game if he continues on this path him and ag could evolve into a problem on p r	-0.1027	neg
these are the highest paid sport stars you	0.0	neu
nwhat can be stranger than the fact that our law maker are law breakers with defending of silence from govt and parliament	0.0	neu
careful motorists travel 2mph over the limit and will make sure your family struggle for 3 months	0.1531	pos
you my man are unqualified to be a human being	0.0	neu
i liked a video you are not alone	0.5484	pos
i liked a video friend zoned reacting to minecraft mystreet rejections	0.4404	pos
look at him admiring the show so much still like what the actual fuck pete why	0.2177	pos
since the sandbox my dawg been a real one	0.0	neu
oh man emotional rescue by the rolling stones so underrated	0.5994	pos
find a new travel buddy u dick	-0.5106	neg
and the next day you deleting that shit cause your not the same brave mf you were last night	-0.7488	neg
doom you time zones and your confusing things xd	0.0516	neu
what i really fucks with	-0.5256	neg
morning joe donald trump new news via	0.0	neu
lifes a bitch but that bitch in love with other niggas	-0.3612	neg
i had nothing	0.0	neu
i love my mom so much	0.6369	pos
where is my hair have you seen him he he ‚Ä¶ oh fuck im bald	-0.5423	neg
follow for 5 free follows n nrt this when done n ni will do all promise	0.6808	pos
huh yea i do not cheat me and my wife fuck bitches together u0001f927	-0.7114	neg
the telegraph is halkidiki greece is bestkept secret via	0.0	neu
still missing you	-0.296	neg
always cherish life you just never know what might happen	0.3818	pos
there was also this sappy cassette tape romance revolving around a sweet motel carved out of sandstone and then there was a flood n nthe end	0.6542	pos
honestly im okay with cuttig my hair i love my hair short but i wouldnt be able to cut it until april meaning i wouldve had to go a whole	0.34	pos
i care too much	0.4939	pos
this is product placement ignore this i just want free stuff	0.2732	pos
damn i really gotta get up at 6 tmrw	-0.4019	neg
try the lottery at for 35 tickets on enter here	0.0	neu
amor up a selfie	0.6124	pos
no one will ever understand how i feel	-0.296	neg
after i scolded him in the class and teased him about it hahaha	0.34	pos
prime cuts weak beef exports a concern	-0.6249	neg
my periscope name is still spooky breanna and i cannot change it lmao	-0.4847	neg
i hope is ready to see his long lost daughter	0.4767	pos
i love falling in love with people over social media smh	0.7579	pos
i hate this feeling	-0.4939	neg
she says the thing is i never really date short guys you were a just a favor	0.4019	pos
i love you darling	0.8402	pos
i really appreciate you for this movie im like so mind fucked but idk like bless your heart your mind is incredible	0.7397	pos
hi i came so far just for ya no matter what the deal i will be there just for you mind following me ‚Äî 33794	-0.2732	neg
youtuber blocking nyc road for photoshoot gets	-0.3818	neg
i liked a video from fetty wap trap queen music video parody advanced warfare	0.0772	neu
let make something out of nothing the guy was drunk and seems like he stated that way distorted view of world	-0.3818	neg
like is he a celebrity or popular public figure	0.6486	pos
i have just unlocked safety first achievement in paradise island 2	0.7906	pos
going to a caf√© sounds like fun darrien do you want to go to one later	0.7269	pos
‡§ø ‡§µ‡§∞ ‡•ç ‡§§‡§®thefilm is a film with unique message we request film society to review it for award winning	0.7845	pos
everyone compares showchoir to glee but you are wrong it is every camp rock movie in one	-0.3716	neg
do you think itwould be possible to subscribe to a graph webhook for conversations where id 1 as there is always a f ‚Ä¶	0.0	neu
buckets	0.0	neu
these are the highest paid sport stars you	0.0	neu
omg yes i am hyped for the sirens movie i hope they cast a poc to play ivy or selina xx hope it turns out good	0.9153	pos
that is a good idea when you throw someone a beatles reference and they don ‚Äô t get it	0.4404	pos
crazy stupid love the ups and downs of cheryl is rocky love life	0.5574	pos
do not know if you go but if you do as a subscriber i request you do not	0.0	neu
when u just woke up and the first thing that u saw was a message from ur friend dumating na n nputcha dumating na yung inorder naming album	0.4939	pos
you already died once idiot	-0.7845	neg
do you think you have a high iq	0.0	neu
restraining yourself from making inappropriate in a new because you don ‚Äô t know if they ‚Äô ll laugh or start running away	0.5574	pos
73 tweeps followed me in the past week feels great do you also want to feel awesome check out	0.8591	pos
1 song into hndrxx and im	0.0	neu
if i link it will u get mad	-0.4939	neg
she is no longer a daughter of death and darkness but of life and light this was a daughter of israel or she	-0.5499	neg
bendtheodds nadine n n n ‚Äú there is not a word yet for old friends who have just met ‚Äù n ‚Äï jim henson	0.4767	pos
riding with the windows down bumping to 50 throwbacks with your man	0.0	neu
im watching that swizz beats vs just blaze livestream but i will check this out later	0.0	neu
think the players are forgetting they have a home game yet an away goal look at barca and arsenal	0.0	neu
i finished dots	0.0	neu
i just earned the i believe in ipa level 15 badge on	0.0	neu
avatar the legend of buye	0.0	neu
brunette babe gets to suck real hard on the dick video	-0.765	neg
you cute and all but can we vibe where your mind at	0.25	pos
campaigning in full swing	0.0	neu
but hearing that story now i know it you are nuts singlehandedly taking out a tank that is crazy you are insane	-0.8625	neg
driver dies after his truck plunged over the	0.0	neu
get out was a 1010 since they played redbone in the beginning	0.34	pos
why are the shameless writers so evil	-0.796	neg
what is a hangover have not had a hangover in like a year now	0.3612	pos
why we wear the watch on the left	0.0	neu
enter for your chance to win a ps4	0.7003	pos
what is your hair scott like do you go to great clips or something because it is the whitest thing ever	0.765	pos
best line of the night	0.6369	pos
newest internet obsession this guy who looks	-0.34	neg
mfc just being a shut head for me or halllp	0.0	neu
i is not no gynecologist but i know a pussy when i see one	0.1139	pos
im discover which you are start quiz	0.0	neu
6 nthank you z n	0.0	neu
so lets not have a debate about that	0.0	neu
usually im bubbly so happy and so thankful and caring but ive been letting the negative things in life change who i really am	0.1403	pos
10 of the most bizarre eyes that will	-0.3804	neg
hindi ‚Äú you are going to find it so ‚Äù like this should surely interest you ‚Äù	0.8458	pos
youre so talented it sctually makes me cry	0.1263	pos
lol ikr i scroll her timeline for entertainment now i cannot even	0.6808	pos
taking subtweets to the next level	0.0	neu
omg gingerrr this is really sweet	0.5095	pos
this is sad eye for an eye makes the world blind	-0.7003	neg
hey i just saw your movie and i think i love you	0.6369	pos
92 yearold woman forced to live in a cage	-0.4588	neg
spend a day with them they sacrified their lives for you ntake a time out for your parents n ‡§ø ‡§µ‡§∞ ‡•ç ‡§§‡§®thefilm	0.0	neu
what a finish	0.0	neu
mobile in 2017 a 7 step framework for top rankings	0.2023	pos
do not start shit with me if you cannot finish	0.4449	pos
waiting for runs if not i will be mormon some of people taking on it	0.0	neu
syrian cinematographer barred from entering u s to attend oscars	0.0	neu
it is friday night and i got no plans what is this	-0.296	neg
the biggest pitbull in the world hulk	0.0	neu
im omw to my exam	0.0	neu
i deserve better	0.4404	pos
that one touched the ground	0.0	neu
this you	0.0	neu
also is currently sleeping on a mattress on my floor and that is okay bc i love her and we are gonna be roomies next year	0.7269	pos
orders flood in for firm ‚Äô s postindy map of scotland from the national	0.0	neu
fresno crawlers are runway girls nmothman is a genderfuck queen nhopkinsville goblins are pageant queens nwendigos are spooky queens	0.0	neu
he that will make two people can do terrible things even the smallest inconvenience bbb 7ab5a	-0.6808	neg
if you re nice to me i ll show you my score of 64690 on twist of time	0.4215	pos
i didnt	0.0	neu
hymn for the weekend by ‚Äî	0.0	neu
sex tip √± focus on foreplay for a great sex life outercourse is the xa0 term for all nonpenetrative sex	0.6249	pos
i cannot tell bro	0.0	neu
is this bar in twin peaks all ages everyone is a teenager	0.0	neu
idk why i am typing in parentheses but tbh if the first couple of weeks go well i might just do it for like a few months tbh	0.6908	pos
i always with you modi sir	0.0	neu
haha yep the roid muncher is starting to look like brock lesnar must be pre court nerves fuckem all	0.743	pos
cry baby is all i see	-0.4767	neg
trump is tax plan the top 3 things you need to know	0.2023	pos
the ab rare group type known to be of ancient agricultural regions in asia india not found in africaab group therefore most ancient group	0.0	neu
is a record pool all djs should be on and all artist should have there music on check it out today	0.0	neu
you are the danger to our country you are the traitor we see your lies	-0.7351	neg
i am dead ass	-0.8316	neg
view the full video clip here	0.0	neu
sometimes our friends are the reason why we enjoy being single	0.743	pos
if i get it it will be on ps4 so heck yea	0.0	neu
just a reminder hate was the cause a gun was the tool take away the guns	-0.7269	neg
that is aslin to you	0.0	neu
im earning in doggy rescue	0.5106	pos
right im going to give it two more weeks if i cannot do what i want by then	-0.0572	neu
i damn near wanna slide on a female and fuck and then leave but if i fuck her im going to keep talking to her	-0.8381	neg
starting a petition to make these videos go away forever bc im going to have nightmares	0.0	neu
jessica chastain at the huntsman winters war premiere in singapore	-0.5994	neg
helping me follow my dreams seeing you live it	0.5994	pos
but ya know i would rather take my chances than hanging around people who drink my alcohol without permission and cannot control	0.296	pos
so am i my husband found out he was irish and icelandic funny because his parents are filipino and kenyan	0.4404	pos
doctors reveal the best way to attack a	0.2732	pos
fuckin gross the number of people i know that do drugs do not wanna know about it and at this point do not wanna know you either	-0.4215	neg
happy birthdayyy to my favourite aspiring therapist and basketball player and the best brownies baker Ô∏è	0.836	pos
the key to talking to someone in your past is either you dont or forget the past leave it there	0.1195	pos
i think is arctic emma lol	0.4215	pos
man on 207 mph bicycle humiliates ferrari at dragstrip	-0.25	neg
please put the finished battle on youtube everyone doesnt have ig	-0.0772	neu
we need that suppprt tomorrow at 6 pm if you are around for the asc tourney	0.0	neu
dark nylons and a soaked cumhole	0.0	neu
what a game	0.0	neu
tvt lines due this weekend lemme know if you need more time	0.0	neu
well the propaganda ministry is in full swing hey now arizona will even take your property if you protest	-0.2263	neg
im really too nice of a guy	0.4728	pos
‡§ø ‡§µ‡§∞ ‡•ç ‡§§‡§®thefilm deals with parents worship day a great initiative by asaram bapu ji	0.743	pos
i miss	-0.1531	neg
i thought your said gunstofits	0.0	neu
that was a double entendres	0.0	neu
when i hear body found in the closet at the magic castle i think of a gilbert sullivan style opera utilizating a comedy of errors	0.0258	neu
you will not find me sucking up to bernie bros or the economic anxiety crowd in mostly white states as we move forward 1	-0.1779	neg
me everytime	0.0	neu
yes they are the enemy of conservative people n	-0.2023	neg
also side note i cannot drink vodka soda u0001f927 i tried it took me a full dinner to finish one drink	0.0	neu
just posted a photo ‚Äî	0.0	neu
im at post ri	0.0	neu
what happened	0.0	neu
how much it is to cut the line	-0.2732	neg
fortyeighth daily vote for at the n nthank you z nvotezayn talentfm	0.0	neu
casey mears is this the year	0.0	neu
they were actually something much scarier	0.0	neu
im so sick tired of hearing this comment it isoldalready his followers buy in2it	-0.7764	neg
sunrise february 25 2017 at 0653 am pm showers wind today with a high of 11 and a low of 9 ‚Ä¶ ‚Ä¶ ‚Ä¶	-0.2732	neg
click on the bell in di corner lol	0.4215	pos
facts	0.0	neu
a queen	0.0	neu
trump farage and tucker carlson three legends you guys are awesome	0.6249	pos
incredible his mother released because she had a photo of herself with muhammad ali	0.0	neu
very rare black animals around the world	0.0	neu
every time you forget who i am i will be right there to remind you again	-0.2263	neg
im a sad lil bitch all the time	-0.7845	neg
brink was the best dcom dont me	0.6369	pos
ai not that some shit huh	0.4449	pos
nrevenge for sure nbut which rox turns up the ones that beat dubs in oracle or ones that lost to heat twice nblew 20 to atlan	0.0	neu
i dont think ill be able to stop myself from buying right version today when i see it there sitting nicely	0.4646	pos
doing a top 5 link or dm me some dank clips	0.2023	pos
taylor s mom asked me how old i am and i said i m about to turning 17 and now taylor is mocking me because my birthday ain t until july	-0.4019	neg
the placement of his are acceptable because i do not always have to see them but these people that get them everywhere it is ugly	-0.5859	neg
kasich is a crybaby	0.0	neu
irritated and i cannot sleep which is just making me more irritated	-0.7184	neg
6 inmates escaped jail by removing toilet and	0.0	neu
so often the women in those narratives are so unhappy with their boyfriends husbands	-0.5598	neg
got everything setup for my first alot faster than i thought so will be setting up the rules in the next few mins	0.0	neu
russia deploys troops around moscow to protect the	0.3818	pos
two puppies fell into a pit with a	0.0	neu
keep a smile on my face no shedding tears now	-0.1531	neg
in an attempt to feel less grody i got a lil dressed up n n and now i am crawling under a blanket lookin like a slug ‚Ä¶	0.3612	pos
everytime i see this on my tl i have to quote it cuz of heeeyyyyeeeyyyeeyyyeeey	0.0	neu
n idk ik it sounds a little loopy to consider everything you see in this world an asset or an expense or a liability like the starbucks 5	0.4215	pos
it washington cool i love you Ô∏è	0.7579	pos
this thing i wish would come back to it and also pokemon everything else at least for me	0.4019	pos
the entire steve tag on tumblr is chris imagines and x reader fanfic	0.0	neu
cause it is the best movie ever made	0.6369	pos
newborn baby kidnapped 18 years ago found alive	0.3818	pos
do you mean openminded or are you suggesting we open your head to mine for intellegience	0.0	neu
this was a therapeutic chain of events n in frame owl n ‚ñ™ ‚ñ™ ‚ñ™ n ‚Ä¢ n ‚Ä¢ n ‚Ä¢ n ‚Ä¶	0.0	neu
you can do me so wrong and ill still forgive you and forget	-0.7817	neg
praise is the ultimate force of intervention because it invokes god ‚Äô s presence into our situation	0.6908	pos
holy shit fucking put that damn body on me and talk about a hottie	-0.7624	neg
yes woozi sleep	0.4019	pos
what will defeat trumpism is not angry men but courageous women aleksandar hemon in this wellthoughtthrough p ‚Ä¶	0.6653	pos
cpu is probably gonna produce a new hound because i am just so god dam bad at this	-0.2553	neg
10 of the most bizarre eyes that will	-0.3804	neg
so stoked for the 3rd volume	0.0	neu
i should ask for these kids tumblrs lmao	0.5994	pos
who is your bestfriend ‚Äî i have a lot armondo brandon p wilbur nate morri	0.0	neu
chino hills with terrible clock management at end of 4th qtr and end of ot	-0.4767	neg
funny tweets and you stan a gorgeous legend and also trolling	0.7845	pos
hi uh help me yeah this is my sister abd im dcared	0.5994	pos
i will see what can be done	0.0	neu
i think my cousin gave my laptop a virus	0.0	neu
im chilling bro i know there is still time just looking to see if anyone had an answer	-0.0258	neu
happy 1 year i love u all so much	0.836	pos
same here 3 order of the phoenix was the last enjoyable one	0.4404	pos
news for house buyer 4 bed house for sale in gl40ub ‚Ä¶	0.0	neu
after all this time im still into you	0.0	neu
send them to me i beg of thee just kidding but srly tho	0.0516	neu
i should not have taken a nap when i got home smh	-0.3182	neg
with these natural home remedies you can remove	0.3612	pos
trust no female	0.2732	pos
another reason why im single is because i want something real and serious not something that lasts 2 weeks lol	0.4215	pos
you being bullied by me nalso you lmaoaoao tag urself im ypi	-0.6249	neg
have you ever wondered how blind people enjoy porn movies this is how	0.128	pos
you need to know these things in order	0.0	neu
i miss her so much	-0.1531	neg
honey you did not do anything wrong	0.3724	pos
when you block someone on your ig story they hop on another account just to watch it you weird hoe	-0.5574	neg
i believe allah has created a special place in heaven for good people irrespective of the faith those people follow	0.9136	pos
we went to get a pen why there s pens right here	0.0	neu
the reason i think superintelligences are already here this is bostrom is blind spot	-0.4019	neg
hellooo john c black cb765	0.0	neu
we are so sorry for the frustration please may you send us a dm with all the info so we can assist thanks	0.0922	neu
my dad asked me if i wanted to get high drunk for my birthday	-0.34	neg
in case you think st george is lacking entertainment wise explores different areas worth seeing	0.7783	pos
these signs occur when you have diabetes	0.0	neu
im happy for everyone who officially be a husband wife congrates	0.5719	pos
one of my favorite youtubers will be in stl today im pissed	-0.296	neg
come join me or you will be left behind	0.296	pos
that is why we love you n n	0.6369	pos
i love orgy	0.6369	pos
more than just beauty discover jeunesse at from the scientific drs who brought you instan ‚Ä¶	0.6204	pos
continuing problem that is only worsening its lime the mainstream media has a gag order on them while everyone chicken little is	-0.7964	neg
as a navy seal sacrificed his life president trump was tweeting about television	0.0	neu
i so happy i was able to see this on the tl	0.6115	pos
10 things you should say to yourself when you wake up every morning	0.0	neu
here is the complete video ‚è© ‚è©	0.0	neu
she is gotta body like an hour glass its tickin like a clock	0.6124	pos
mike thats not an olive branch thats a declaration of war	-0.5994	neg
myexandwhys 2ndweekendfever am i not enough n nxxx	0.0	neu
where is the lie	0.0	neu
exclusive n nwitchcraft conspiracy the heavy financiers behind the five akwa ibom house of assembly cabals	-0.4404	neg
yeah maybe someone needs you that very moment	0.296	pos
myexandwhys 2ndweekendfever am i not enough n nxxx	0.0	neu
what ni do not never mind nanyway what im not clear on is do you really mean wedding or engagement	0.2062	pos
you cry so much at a funeral only to be served a small piece of meat ae tjo	-0.7063	neg
the shape of ur butt can tell how healthy u r	0.4019	pos
when he comes to just as you are showing your forged id at the gate and the alarm starts blaring right before you can leave	-0.3818	neg
i do not wanna break the seal geezus	0.0	neu
ima do the most cause im blessed up	0.6326	pos
myexandwhys 2ndweekendfever am i not enough n nxxx	0.0	neu
myexandwhys 2ndweekendfever am i not enough n nxxx	0.0	neu
i did not realize i had enough staff weapons to reduce for my sticks so now my problem is just urns	-0.7063	neg
myexandwhys 2ndweekendfever am i not enough n nxxx	0.0	neu
i got a feeling if ye was in one of these he would be mad competitive and make it awkward for those just having fun lol	0.5423	pos
yet still says nothing as long as it is only christians we can turn a blind eye	-0.4019	neg
i am raving up at	0.0	neu
